,comment,real_index,sentiment
0,dont use ai cheat homework,7,1
1,"3:15 game-changer ... ai get math mistake ! like olovka ai smart note-taking feature , helping even ask .",8,1
2,"'s fascinating ai education evolving . kinda reminds first tried olovka ai ‚Äî blown away note-taking , lecture recording , essay writing feature .",11,1
3,finally intelligent person recognizing pro ai fear mongering .,13,1
4,"belikenative proof ai truly support education helping write clearly confidently every day . use belikenative fix grammar , polish idea , save time everything write .",15,1
5,"guardrail would end putting tutor would eligible teach student anymore ? ever need make sure tutor teach student technically aware : use ai model fine-tune issue end creating whole layer maintenance 's required make sure model work properly , especially come : edge case : like student finding loophole model . extra time effort spend maintaining model . expecting tutor young vibrant able deal deliver issue ? still ensuring tutor teacher academically knowledgeable still relevant case ?",17,1
6,"youtube summarizes `` one year ago '' expand show note , reveals upload date may 2023. currently april 2025 talking ai year . two mere week , stupid `` ago '' date summary world dog appear prefer would appropriately `` almost primordial '' .",26,1
7,"certainly one positive way use ai . see lot potential ai use socratic method rather spitting answer . however , many concern : ask character motivation something symbolizes , act interpretation ? also , say one correct interpretation ai 's one accurate ? also , lot people talk lesson planning like 's chore important part teacher 's imprint/philosophy . know , lesson planning huge part instruction , closely tied teaching philosophy/who . ai write seems like decent idea , sort devalues important choice writing voice writer . could imagine great tag-teamed novel ai ? would voice consistent ? much plot/creative choice would influenced something regurgitating random thing ? much student come rely ai help ? make feel less comfortable asking teacher help ? happens hallucinates ? student believe teacher ai ? eventually , teacher even know ai hallucinating also become overreliant ?",31,1
8,"promote ai positively mistaken . intelligence , faster search engine . whoopty-doo ! ai writes report essay entire generation student longer read book , internalize knowledge jotting note using note create original thought thesis , written word . time-intensive struggle , knowledge becomes understanding within self , something termed somatic knowledge . chatgpt , even act `` cut paste '' statement removed . merely enter prompt , ( guess cut pasted ) magically paper marking produced . many educator know , complain problem . increasingly , knowledge student exosomatic , never comprehended , retrieved . knowing . speech perimeter institute , polymath freeman dyson claimed year 2000 became cheaper store information understand . thus general public made increasingly dumber , current political leader want . early , ted talk used good . longer . pander promoter influencers , leverage ted talk social currency . end , ai undoubtedly give u easier acquisition prono .",34,1
9,"ai going combine neurotechnology create neurodevices personalize learning , replace teacher modern way learning kid wait tommy stop mooning teacher cursing . bad news tommy .",35,1
10,"possible replace teacher ai entirely , use guide standby ?",40,0
11,ai available country like indiaüò≠,42,1
12,"impressive , interesting exciting exposition .... educator , curious gain positive effect ai learner , however first point helping ordinary learner become exceptional student changed perspective .",43,1
13,humanity measure time reference apocryphal event . rise introduction artificial intelligence event . challenge primary secondary education acknowledge address evidence demonstrates monopolistic entity slow innovate .,47,1
14,"recently used ai x12 learning speed student , even sen student easy ! great talk , ‚Äô seeing result ! experiment everyone see yt channel",48,1
15,"... ( stem course ) , come u create course teach ai , , stand sea people know use ai . make stand rest , speed learning comprehension . need knowledge think critically , speed knowledge . force people use information know solve problem .",49,1
16,concerned educator tool still used spoon feed child answer . using ai get exact answer green light concerning . goal n't answer teaching child find answer figure . story writer literally half work student . still cheating book . think ai place ca n't use give student answer .,52,0
17,wait ... ad form educational chat ?,60,0
18,ai giving teacher something 've needed age seemed impossible get .... time,61,1
19,personal tutor give answer one prompted ticket making dumb needy . essence carefully curating answer ‚Äô ask much ‚Äô annoy tutor benefits‚Ä¶you understand nuance force brain think thoroughly‚Ä¶ lost ...,64,1
20,possibility described happens student use ai complete work . student use ai cheat .,69,0
21,please make ai robot `` hard form '' use ai robot `` soft form '' . üòä,70,1
22,say guy selling ai school .,75,0
23,"lovely miss something major : student ‚Äô actually care content . want passing grade move . wonderful stuff assumes student want go journey curious willing collaborate ai explore . none true majority . kid apathetic subject and/or care grade ( pressure parent get college ) . student want hard work . want shortcut , thinking .",81,1
24,one best ted talk seen . turn bloom ‚Äô 2 sigma problem 2 sigma opportunity . one way facilitate socratic debate . combine knowledgeable 1-on-one tutor 4 step ahead rest . using curated ai good start .,85,1
25,going link school leadership team get school adopt ai education .,89,1
26,"current education model failed , 's incentive rescue career staff .",91,1
27,"ai education enhances learning personalizing instruction , automating administrative task , providing real-time feedback student . help tailor content individual need , making education accessible efficient . additionally , ai tool assist teacher grading identifying learning gap , allowing targeted support .",96,1
28,wait till student watch video prompt inject,99,0
29,tell ai people heard people .... hear `` guardrail '' one time ! ! !,100,0
30,"education learning something new school . arrival ai pointed flaw school system thus end school education . school repetitive , luck centric dated system designed industrial age produce factory work !",105,1
31,n't watch video need talk ai saving ( destroying ) education ai taking many job student learning ?,106,0
32,1. student would use ai cheat pas homeworks/tests get replaced ai 2. belive ai would significantly change history,110,0
33,‚Äô cool hearing voice explains math giving ted talk,111,1
34,ai make teacher mentor . simple,113,0
35,fascinating revolutionize education one student time . available india ?,117,1
36,ai used create better democracy . imagine unbiased judging system could analyze every idea people may . identify many problem people facing address problem starting majority people problem . ‚Äô perfect idea . someone need come ai software,120,1
37,"free candy , mean , free open source ai everyone . cease ai‚Ä¶.or else .",122,1
38,lecturer dumb . whole point education understand learn new thing better . ai make u understand better school see problem would use ai .,123,1
39,"hey maggie , like variety item playlist . especially enjoyed ted talk video ai could help classroom . good diversity among video different viewpoint style . overall , information seems credible information . thank sharing list .",124,1
40,love ! 've educator 20 year huge ai fan . believe opposed n't understand utilize . powerful tool enhance education immensely .,127,1
41,"teacher , keep optimistic outlook ai educational system . hope keep learning combine good tool like chatgpt traditional teaching help student grow better .",128,1
42,leftist propaganda . want kid learning damn ai chatbot . 's failure government train qualified teacher .,130,1
43,"man great . champion decentralization education , hopefully reducing importance `` politician '' profession overpaid . ai interesting , long learns basing culture , see feed culture kindness , clarity die showing hate anger ai . let 's hope ai embody sort karma sense : would feed kindness , destroyed . , helped . thanks video",134,1
44,"problem making employer accept certificate online tutorial . good taking time course like , example , three hour youtube tutorial python coding language , employer wo n't accept employment ... live employment world employer want five year experience coding language 's 3 year . broken education system , also huge problem employer . people hiring think 're god , n't even know people , making decision often plain old wrong ....",136,1
45,"however , result would turn average growth , multiplying interference nature society , exceptional growth impact . ai much better helping people understand nature , faster 's given power thing need work , wo n't useful u .",139,1
46,"first , thought introduction artificial intelligence education could threaten teacher ' job , watching lecture , changed mind . believe ai potential form complementary relationship teacher , rather simply replacing human job . addition , impressive ai go beyond simple information delivery lead learning collaborating student .",142,1
47,"problem , preparing ? ? thing changing fast climate wise innovation wise . ai powered innovation , thing could speed multiple time . technology outdated 6 month .",148,1
48,"tired tech bros affiliate believing tech solve educational woe anything else . ai seem promise , many people sold school bill good pc revolution internet . none impact . look national test score . 've gone downhill advent technology even prior covid . meanwhile , actually know evidence based instruction educational research 'll know 've answer program vetted considerable government $ since 70 's . unfortunately , vested interest want equality education across socioeconomic line squashed thing . look project follow starter . type nonsense continues go day . sam tech bros leading u cliff term societal ill foster whole thing . frightening . absolutely frightening .",149,1
49,particularly worried ai could nearly much people blindly accepting answer spit out.ü§î,151,1
50,imagine math already . step student explain,153,0
51,make ai college free,169,1
52,"could embedded ai automatically tailor specific standard state associated common core ? virginia standard learning , developed brand new set standard 2024. question stem see question stem common core .",173,0
53,might email university,175,0
54,"ai tool completely devalue skilled labor . must prevented proliferating education . ai also incredibly potent way politically indoctrinate child . also , 's point learning anything end goal ai going take good job ? , voting electorate , never consulted ai 's development , never asked wanted technology government school .",176,1
55,"public school oasis making friend learning teamwork solution : free , quality education model , based first principle human connection ( digital ai tutor ! ) linked initiative channel , anyone want help u make neoducation reality",178,1
56,"high school teacher acted like mentally challenged wrote . man able help , video , high school teacher able 4 year . nothing wrong ‚Ä¶ hate literally unable learn classroom setting . much correct ai revolutionizing education . ‚Äô 30 , trying education , using chatgpt along online learning tool accomplish thought never possible . learn pace find anything genuinely ‚Äô comprehend , throw chatgpt ask explain much simpler term within minute , ‚Äô clicking head .",180,1
57,every time see ai possibly evil like deapfakes thing like maybe n't doomed,184,1
58,never give ai free ; especially cause harm human . specialized ai ( sai ) way forward .,186,0
59,good ai replaces teacher eventually parent ! ! student work ! ! distraction ! ! written ai help ! !,190,1
60,"`` ai-enabled virtual classroom transcend physical barrier , offering access high-quality education student remote area region limited resource , thereby promoting inclusivity equity . '' `` ai-driven data analytics , educational institution gain valuable insight student engagement , performance , retention , enabling proactive intervention prevent dropout support at-risk student . '' `` ai-powered adaptive learning platform cater diverse need student , providing personalized pathway adapt real-time learner 's progress , strength , area improvement . '' `` implementation ai education enhance teacher professional development providing personalized coaching , resource , feedback tailored individual educator need teaching style . '' `` ai-driven virtual assistant support educator creating accessible inclusive learning material , ensuring content meet diverse student need , including disability language barrier . '' `` automating administrative task scheduling , grading , attendance tracking , ai free educator ' time focus meaningful interaction student , fostering deeper connection mentorship . '' `` ai-enabled chatbots provide student immediate access information resource , addressing query supporting self-directed learning outside traditional classroom hour . '' `` ai-powered recommendation system curate personalized learning pathway student , guiding towards educational resource , activity , opportunity aligned interest , goal , aspiration . '' `` ai-driven content creation tool , student become active participant learning process , producing multimedia project , presentation , simulation demonstrate understanding creativity . '' `` ai support language learning providing real-time feedback pronunciation , grammar , vocabulary usage , accelerating language acquisition fluency development interactive practice . '' `` ai-driven assessment tool offer holistic evaluation student performance , incorporating diverse measure knowledge , skill , competency beyond traditional standardized testing . '' `` integration ai education promote lifelong learning offering personalized professional development opportunity educator , empowering stay abreast emerging trend best practice . '' `` ai facilitate collaborative research knowledge sharing among educator researcher , enabling rapid dissemination innovative teaching methodology , pedagogical insight , evidence-based practice . '' `` ai-powered data analytics , educational institution optimize resource allocation budgeting , ensuring funding directed towards initiative greatest impact student learning outcome . '' `` ai-driven virtual reality experience provide student immersive simulation field trip , allowing explore historical event , scientific concept , cultural phenomenon dynamic engaging manner . '' `` ai-enabled tutoring system offer personalized support remediation struggling student , helping build confidence resilience work towards mastering challenging subject matter . '' `` ai support educator designing inclusive culturally responsive curriculum reflect diverse background , perspective , experience student , fostering sense belonging respect classroom . '' `` analyzing learning data , ai algorithm identify emerging trend gap curriculum , informing continuous improvement effort ensure educational content remains relevant , engaging , effective . '' `` ai empower student become active participant co-creation knowledge , fostering collaboration , critical thinking , problem-solving skill engage inquiry-based learning activity . '' `` ai-driven recommendation system connect student mentorship opportunity , internship , extracurricular activity align academic interest career goal , enriching educational experience . '' `` ai-powered natural language processing , student engage conversational learning experience , interacting virtual tutor peer discus debate complex topic real-time . '' `` ai support differentiated instruction offering adaptive learning pathway cater student ' unique learning need , pacing , preference , ensuring student receives support challenge require succeed . '' `` ai-driven educational game simulation foster active learning , experimentation , discovery , engaging student hands-on activity promote deeper understanding retention concept . '' `` integration ai education enhance parental engagement providing insight student progress , performance , learning goal , enabling parent support child 's academic journey effectively . '' `` ai facilitate interdisciplinary learning experience connecting student resource expert various field , encouraging explore connection application beyond traditional subject boundary . '' `` ai-powered virtual mentor provide student guidance support navigate academic career pathway , offering advice , encouragement , insight based individual interest aspiration . '' `` ai-driven natural language processing , student receive personalized feedback writing assignment , helping improve communication skill express idea effectively . '' `` ai support formative assessment practice offering real-time insight student learning progress , enabling educator adjust instruction intervention meet evolving student need preference . '' `` integration ai education promote global citizenship connecting student peer diverse cultural background perspective , fostering empathy , tolerance , cross-cultural understanding . '' `` ai support student disability providing adaptive learning resource assistive technology accommodate unique learning need , ensuring student access quality education . '' `` ai-driven content creation tool , student collaborate multimedia project integrate text , image , audio , video , allowing express creativity demonstrate understanding multiple format . '' `` ai support self-regulated learning providing student personalized goal-setting tool , progress tracker , reminder , empowering take ownership learning journey monitor academic growth . '' `` integration ai education promote metacognitive skill encouraging student reflect learning process , set learning goal , evaluate progress , fostering deeper understanding strength area improvement . '' `` ai-driven recommendation system connect student personalized learning resource , e-books , article , video , tutorial , catering individual interest , preference , learning style . '' `` ai-powered virtual lab , student engage hands-on experiment simulation , exploring scientific concept phenomenon safe controlled environment , regardless physical resource constraint . '' `` ai support project-based learning offering student access tool resource planning , organizing ,",191,1
61,"`` ai 's role education extends beyond classroom , facilitate lifelong learning offering personalized recommendation continued skill development professional growth . '' `` ai-powered educational platform adapt rapidly changing demand job market , equipping student relevant skill competency needed success emerging field . '' `` automating administrative task like scheduling grading , ai technology allows educator devote time building meaningful connection student fostering supportive learning environment . '' `` ai-driven analytics enable educator identify at-risk student early provide targeted intervention prevent academic disengagement dropout rate . '' `` integration ai education promote inclusivity offering translation service accessibility feature accommodate student diverse linguistic learning need . '' `` ai enhance teacher professional development analyzing teaching method student outcome , offering personalized recommendation improving instructional practice . '' `` ai-powered chatbots provide student on-demand support guidance , answering question offering resource supplement learning outside class hour . '' `` ai-driven virtual lab allow student conduct experiment simulation safe cost-effective manner , enhancing understanding scientific concept . '' `` ai help bridge gap theory practice connecting classroom learning real-world application , preparing student success future career . '' `` ai-powered recommendation system , educator curate customized learning pathway cater student 's interest , ability , aspiration . '' `` ai potential improve parental engagement education providing insight student progress offering recommendation supporting learning home . '' `` ai-driven content creation tool empower student express creativity demonstrate understanding concept multimedia project presentation . '' `` ai promote global collaboration education connecting student educator different part world , fostering cross-cultural understanding empathy . '' `` ai-powered adaptive learning platform address individual need gifted student offering advanced content challenge align ability . '' `` use ai education enhance academic integrity detecting plagiarism providing originality report student assignment . '' `` ai-driven tutoring system offer personalized remediation student struggling specific concept , helping catch succeed academically . '' `` ai enhance quality educational content analyzing feedback student educator , identifying area improvement , refining instructional material . '' `` ai-driven virtual field trip allow student explore historical site , natural wonder , cultural landmark around world , enriching learning experience . '' `` ai-powered speech recognition technology , student practice pronunciation fluency foreign language , improving language acquisition skill . '' `` ai potential address shortage qualified educator remote underserved area providing virtual teaching assistant instructional support . '' `` ai-driven recommendation system help student discover new interest passion suggesting relevant book , article , video , course . '' `` ai-powered adaptive assessment offer student immediate feedback performance , helping identify area weakness track progress time . '' `` ai support project-based learning initiative providing student tool resource research , collaboration , presentation . '' `` ai-driven content moderation tool create safer online learning environment detecting filtering inappropriate harmful content . '' `` integration ai education reduce barrier learning student disability providing assistive technology accommodation . '' `` ai-powered data analysis inform education policymakers stakeholder trend challenge education system , guiding strategic decision-making resource allocation . '' `` ai-driven adaptive learning platform offer personalized enrichment activity student mastered core curriculum , keeping engaged motivated . '' `` ai help identify gap curriculum suggest new topic learning resource ensure student receive comprehensive education . '' `` ai-powered educational game make learning enjoyable engaging student , motivating actively participate learning process . '' `` ai-driven virtual mentor provide student guidance support navigate academic career decision , helping set goal develop plan future . '' `` ai potential improve attendance tracking student monitoring , allowing educator identify pattern absenteeism intervene necessary . '' `` ai-driven language translation tool facilitate communication collaboration among student educator speak different language , promoting inclusivity diversity . '' `` ai-powered adaptive learning platform offer personalized study plan student preparing standardized test , helping achieve target score . '' `` ai enhance parental involvement education providing insight student progress offering recommendation supporting learning home . '' `` ai-driven content creation tool empower student express creativity demonstrate understanding concept multimedia project presentation . '' `` ai support project-based learning initiative providing student tool resource research , collaboration , presentation . '' `` ai-driven recommendation system help student discover new interest passion suggesting relevant book , article , video , course . '' `` ai-powered virtual field trip allow student explore historical site , natural wonder , cultural landmark around world , enriching learning experience . '' `` ai-powered speech recognition technology , student practice pronunciation fluency foreign language , improving language acquisition skill . '' `` ai potential address shortage qualified educator remote underserved area providing virtual teaching assistant instructional support . '' `` ai-driven recommendation system help student discover new interest passion suggesting relevant book , article , video , course . '' `` ai-powered adaptive assessment offer student immediate feedback performance , helping identify area weakness track progress time . '' `` ai support project-based learning initiative providing student tool resource research , collaboration , presentation . '' `` ai-driven content moderation tool create safer online learning environment detecting filtering inappropriate harmful content . '' `` integration ai education reduce barrier learning student disability providing assistive technology accommodation . '' `` ai-powered data analysis inform education policymakers stakeholder trend challenge education system , guiding strategic decision-making resource allocation . '' `` ai-driven adaptive learning platform offer personalized enrichment activity student mastered core curriculum , keeping engaged motivated . ''",192,1
62,"potential ai save education lie ability personalize learning experience , catering individual need learning style student , thereby fostering deeper understanding retention . '' `` ai could revolutionize assessment method offering adaptive testing , question dynamically adjust based student 's response , providing accurate insight knowledge proficiency . '' `` rather replacing teacher , ai serve valuable assistant , freeing educator administrative task offering data-driven insight inform instructional decision , ultimately enhancing quality teaching . '' `` aid ai-powered tutoring system , student receive instant feedback support , allowing address gap understanding real-time progress pace . '' `` ai hold promise democratizing education providing access high-quality learning resource personalized instruction student remote underserved area , bridging gap urban rural education . '' `` analyzing vast amount educational data , ai algorithm identify pattern trend student performance , enabling educator tailor intervention support service meet unique need learner . '' `` ai-driven content recommendation system expose student diverse perspective subject matter , fostering critical thinking skill encouraging exploration beyond confines traditional curriculum . '' `` integration ai education promote collaborative learning experience , enabling student engage virtual group project , discussion , peer-to-peer feedback session , regardless geographical location . '' `` ai-powered language learning application , student immerse interactive language experience , practicing speaking , listening , reading , writing skill authentic context . '' `` ai potential address educational inequality providing personalized intervention support student learning disability special educational need , ensuring student opportunity succeed . ''",193,1
63,"`` integration ai education present transformative opportunity rather threat , enhance learning experience student across diverse background ability . '' `` leveraging ai-powered personalized learning platform , educator cater individual student need , offering tailored content adaptive assessment foster deeper understanding subject matter . '' `` ai potential address longstanding challenge education , overcrowded classroom limited resource , providing scalable solution extend learning opportunity student . '' `` rather replacing teacher , ai technology serve valuable tool support educator , automating routine task like grading data analysis , thus allowing teacher focus best ‚Äì inspiring guiding student . '' `` ai-driven analytics offer insight student performance learning pattern , empowering educator make data-informed decision optimize instructional strategy intervention . '' `` help ai tutor virtual assistant , student receive immediate feedback personalized guidance outside classroom , facilitating continuous learning skill development . '' `` ai-powered educational content , interactive simulation virtual reality experience , make learning engaging immersive , catering diverse learning style preference . '' `` ai-driven adaptive learning algorithm , student progress pace , receiving targeted support remediation precisely needed , thus reducing risk falling behind feeling overwhelmed . '' `` ai potential democratize access quality education breaking barrier learning , offering inclusive equitable opportunity student regardless geographical location socioeconomic status . '' `` harnessing ai educational purpose , institution foster collaboration knowledge sharing among student educator worldwide , creating global learning community transcends physical boundary . '' `` ai-driven educational tool empower student become active participant learning journey , encouraging curiosity , critical thinking , problem-solving skill essential success 21st century . '' `` rather standardized , one-size-fits-all approach , ai enables personalized learning experience tailored student 's unique strength , weakness , interest , fostering deeper meaningful engagement material . '' `` ai play crucial role addressing educational disparity providing targeted intervention support underserved community , thus narrowing achievement gap promoting educational equity . '' `` ai-powered adaptive assessment , educator gain comprehensive understanding student progress proficiency level , allowing timely intervention targeted instruction address learning gap . '' `` ai-driven chatbots virtual tutor provide student on-demand support guidance , answering question , offering explanation , facilitating self-directed learning outside traditional classroom hour . '' `` ai potential revolutionize teacher professional development , offering personalized training resource tailored individual educator need , thus enhancing teaching effectiveness job satisfaction . '' `` automating administrative task paperwork , ai technology free valuable time educator focus building meaningful connection student , fostering supportive enriching learning environment . '' `` ai-powered language learning application offer personalized language instruction , allowing student practice speaking , listening , reading , writing skill real-world context , thus accelerating language acquisition . '' `` ai-driven recommendation system , student discover relevant engaging educational content tailored interest learning goal , promoting self-directed lifelong learning habit . '' `` ai-powered virtual lab simulation provide student hands-on learning experience subject science , engineering , medicine , allowing explore complex concept safe interactive environment . '' `` ai potential address diverse need student disability special educational need , offering personalized accommodation support ensure equitable access learning opportunity . '' `` analyzing vast amount educational data , ai algorithm identify pattern trend inform curriculum development instructional design , leading effective evidence-based teaching practice . '' `` ai-driven language translation tool facilitate communication collaboration among student educator diverse linguistic background , fostering inclusive culturally responsive learning environment . '' `` ai-powered recommendation engine , educator curate personalized learning pathway student , guiding towards resource activity align interest , ability , career aspiration . '' `` ai-driven virtual mentor role model inspire student pursue passion aspiration , providing guidance , encouragement , support navigate educational career pathway . '' `` automating routine task grading attendance tracking , ai technology free valuable instructional time educator , allowing focus delivering engaging meaningful learning experience . '' `` ai-powered tutoring system provide student immediate feedback support , helping identify misconception , correct error , consolidate understanding challenging concept . '' `` ai-driven data analytics , educator gain insight student engagement motivation level , allowing design intervention strategy promote active learning academic success . '' `` ai-driven adaptive learning platform tailor instructional content activity student 's individual learning pace preference , ensuring remain challenged motivated achieve full potential . '' `` analyzing student performance data real-time , ai algorithm identify at-risk student may need additional support intervention , enabling educator provide timely assistance prevent academic disengagement . '' `` ai-powered content recommendation system expose student diverse perspective , viewpoint , culture , fostering empathy , tolerance , global citizenship classroom . '' `` ai-driven natural language processing algorithm , educator gain insight student comprehension language proficiency level , enabling design differentiated instruction meet diverse learner need . '' `` ai-driven speech recognition technology provide student opportunity practice refine oral communication skill , facilitating language acquisition fluency development supportive interactive learning environment . '' `` automating administrative task scheduling resource allocation , ai technology free time resource educator focus building meaningful relationship connection student . '' `` ai-driven educational game simulation provide student immersive interactive learning experience , promoting inquiry-based learning , problem-solving skill , critical thinking ability . '' `` ai-powered adaptive assessment , educator gain insight student learning trajectory progress time , allowing accurate targeted instructional planning intervention . '' `` ai-driven content creation tool empower student become creator knowledge , enabling express creatively share idea global audience . '' `` analyzing student engagement data , ai algorithm identify pattern trend inform instructional design delivery , leading personalized effective learning experience student . '' `` ai-driven virtual reality experience transport student immersive interactive learning environment , allowing explore complex concept phenomenon hands-on experiential manner . '' `` ai-powered recommendation engine , educator curate personalized learning playlist student , guiding towards resource activity align interest , goal , learning style . '' `` ai-driven tutoring system provide student immediate feedback support , helping identify area strength weakness , set learning goal , track progress time . ''",194,1
64,lost said 2 sigma problem,196,0
65,plea someone help ai,197,1
66,another load ai hype bullshit : ),199,0
67,"well , explain 100 way . 1000 reason ai good 1000 reason ai bad .",200,1
68,"ai progression current technology advancement combine engineering computer application assist human function movement thought . like scientific invention maybe initial intention help mankind maybe hidden bigger agenda reveal eventually like current technology , become slave invention many misused cause harm human . therefore , wrong conclude ai someday . control maybe want control maybe unable control misuse initial intention . ai may mean less human .",201,1
69,lmao 's point learning math coding ai better u get better point onwards,206,1
70,"believe talk underestimate value/capabilities human tutor ( v machine ) suggesting machine basically take entire role tutor . also fails foresee negative story : machine tutor false/incorrect info also say inappropriate thing kid . otoh , use case suggests may somewhat near-term . right balance process strike . kind hype might hurt help creating necessarily careful process .",209,1
71,"let 's let genius build ai , let 's focus creative using correctly , electronics , many study understand base waste time , others go directly use become millionaire .",212,1
72,"ca n't believe great ! recently read similar book , absolutely incredible . `` game theory pursuit algorithmic fairness '' jack frostwell",213,0
73,"however , 's reality . student would sit another ai feed answer ai .",215,0
74,"üéØ key takeaway quick navigation : identifies student * error misconception math programming . * provides immediate , * context-aware help various subject . * connects learning * real-life interest foster deeper understanding . * act * guidance counselor , coach , mentor . * allows student * interact fictional character historical figure . * enables debate * various topic writing collaboration . * provides feedback * draft , highlight relevant passage , prompt reflection . * us socratic * questioning text analysis deepen understanding . * offer lesson * plan , answer explanation , progress report . * automates administrative * task free time student interaction . * requires careful * design adaptation effective learning experience . * active participation * crucial shape positive future ai education . * ai * powerful tool enhance human intelligence potential . * made harpa ai",216,1
75,"üéØ key takeaway quick navigation : 00:06 üí° * human differentiate task life mission , ai system currently lack nuanced understanding . * 01:02 üåä * specifying fixed objective ai lead unintended consequence , highlighting complexity managing ai system . * 02:28 ü§ñ * aristotle foresaw technological unemployment , concept relevant today automation impact various industry . * 03:54 üîç * increased automation industry like e-commerce warehousing raise question job displacement societal reliance machine . * 04:52 üìö * importance human understanding education managing ai 's impact society crucial prevent loss knowledge transmission . * made harpa ai",217,1
76,"absolutely love enthusiasm passion , debating ai going lead u path extremely dangerous . end day ai programmed . ‚Äô going teach programmed . much unlike human , innate position skeptical human . ai trying appear unbiased entity . therefore easily persuading . ai hand wrong people use persuade people side fence unwittingly .",225,1
77,"think switch hand work . math done bot handwork still take lot time program . much complex people think lot less competition since time people strived go college . hand work future work human theoretical done creative ai , zuckerberg researching intuitive ai .",230,1
78,"fantastic , wonder many school afford price tag . know school . case have always lot havenots left behind . realize cost business . wish could afford .",231,1
79,man behind tiktok ai voice,235,0
80,ai know keep student task ?,238,0
81,"appreciate 's trying accomplish ai . honestly . find kind ironic , english teacher , ai wo n't give answer math problem , tell student meaning symbol text character text . , giving answer student . point teaching literature , opinion , student inhabits character text come understanding meaning character ' action .",248,1
82,think therefore - hm ? ai ?,250,0
83,‚Äô ai ‚Äô automated curriculum human human ai,255,0
84,"pity , seems date ai teaching tool work united state . hope one day also available outside usa .",257,1
85,tool make simple mistake experienced teacher know . student gave right answer specific question mean learning happening . assume student learned something type correct response prompt . thing student learn give ai answer want - enough answer stop prompt get little winner 's cup emoji . play ai like play game internet . real learning far interesting .,258,1
86,available outside u ?,268,0
87,"'ve studying getting certification prompt engineering , mathematics , coding , data science , open artificial intelligence , machine learning , deep learning , neural network year . ca n't find job anywhere . 'm interview talk cost saving benefit increase productivity using artificial intelligence automation , usually end interview right away send dear john letter went another candidate .",269,1
88,future ai thing bright especially right hand .,297,1
89,"extremely promising approach dramatically improve education efficiency . really boosted gpt-4 performance right approach , e.g . internal reasoning process , expected first gpt-4 evaluation . unfortunatelly , still largely ignored might lead model usage improved . someone let advanced model `` run free '' ( using kind online resource ) solve problem . model try solve problem , causing extremely undesirable side-effects fulfill mission . afraid temption wonderful benefit strong stop happening ...",298,1
90,everyone academic . get ai identify non-academic high potential education tailored student whose need lie ? perhaps ai hooked camera knowledge kinematics help identify gymnast assist woodworking skill . hook ai microphone find singing ability improve debating acting ability . child greatest resource . let 's find way uncover talent possess . must invariably lead greater fulfilment .,313,1
91,"stop usa taking u nuclear war china ? end proxy war ukraine , wealthy hoard money stock bond pay next tax , redirects wealth top bottom reestablish free education , free medicine , ubi , home , mass high speed public transportation , finally bring democracy workplace ending 200 year reign employer ?",316,1
92,rosy tinted glass ? student may amenable improved learning method . ai increase divide good bad learner ?,318,1
93,cost money . students/schools afford ai plug . seems infomercial .,319,0
94,"yes , ai going make revolution education : time need adulation anymore teach stupid biological brain teach ai instead . next question - need biological brain existed general .",320,1
95,"wow , balanced positive approach ai education‚Ä¶ thank .",321,1
96,"great , stop ability ask answer ai .",335,1
97,"ai write code , waste time teaching human ? unless intrinsic value coding",348,1
98,anyone jain uni ? let 's connect !,350,0
99,anyone jain university ? let 's connect,351,0
100,"usa , worked engineer self employed teacher tutor . know every student rich enough get tutoring . help every kid , feel world educated smarter . equal playing field . yes , proper guard rail business rule , system help guide student rather help cheat .",359,1
101,right people saying dont get chat gtp help lot son first good teacher r hard find cant explain child proper subject hard find good answer help chat gtp could make son home work explain question dint answer future dont blow like google glass talking nonsense,362,1
102,"leading expert ‚Äú education age ai , ‚Äù advanced teacher japan . future , teacher ‚Äú teacher ‚Äù ‚Äú learner ‚Äù . word , school teacher facilitator , teacher . high school teacher japan education . also national presentation , university lecture , teach faculty youtube channel . also former semiconductor engineer successfully developed national project obtained technology patent .",370,1
103,"first question would ask : `` objective '' really mean ? say- ask ai grade whole student body , school example- piece creative writing- would grade received student ai , correlate grade different teacher . would tell u ai teacher ? would make optimal `` marking '' machine , improving using ? even begin decide `` statistical anomaly '' , question longer- concensus , optimization . obvious answer trial error , thing playing here- education , unimportant . fact , `` error '' part go really wrong , 's recipe apocalypse . terrible education unsustainable belief likely thing might end existence . 's opinion though . n't want see u fail .",371,1
104,fence type robot ai answer would happen job robot ai u,378,0
105,"yeah sure . fails address ‚Äú problem ‚Äù ai education , third party ai . would student consult limited ai tutor third party ai give answer/writes essay ?",380,1
106,ai would destroy human knowledge ability think .,381,1
107,testing ai autism robotics segragated classroom child prefer bot versus abusive teacher requre pop adhd pill,387,0
108,"impressive - every tool use - like harnessed ai made useful education ( every person/place , 's good see positive example )",389,1
109,ai make work easy also became student less creative imaginative work opinion,390,1
110,get voice interface ai assistant share smartboard student 'm starting think 'll job . 'm working hard part problem .,391,1
111,student learn ai know everything ? humanity need redefine purpose learning going school .,396,0
112,"regardless long term positive impact could , ‚Äô nothing naive wishful thinking . ‚Äô realistic think naturally go road without intervention legislation external committee regulate application abuse ai . corporation government value result expense ethical process time .",399,1
113,ai learning human think . program empathy relatability ? ‚Äô argument‚Ä¶ask ai human develop ai con well pro ?,402,1
114,", important appreciate unique quality live human interaction , including expertise , adaptability , emotional connection , subjective experience teacher , bring learning process . optimal educational approach often involves combination ai support guidance skilled human teacher create holistic effective learning environment .",403,1
115,inspiring . using new technology way explained really propel u new renaissance .,406,1
116,sound like andrew tate certain point,416,1
117,literally n't see ai different slightly longer version student already already . 's teaching process weak .,417,0
118,"ai never destroy anything , people .... politicans .... billionaire ... etc",418,1
119,"ted make intro worse every year ? wrong first one ? ai could save destroy specie planet million way . key word `` could '' 's something anyone arrogance predict certainty . , risk need managed .",419,1
120,"exactly use chat gpt . interact ask question like code working code work , everything come nice clean explation 's amazing grow mush using ai tool",423,1
121,", really need ai tutor read graphs/something visuals text together regular mathematical equation",424,0
122,hoping ai would make education obsolete .,428,1
123,"much respect speaker , concern bigger inequity would become since live world every student even essential learning tool . also , ai teach , tutor , coach , etc , career , human , going fill ? previously watched video explaining potential benefit ai small business ; unfortunately , speaker explained , big company afford . afraid ia likely make 10 % richer average person struggle .",431,1
124,artists\painters die ) ) need ? ai faster,433,0
125,"learning learning ? . get .... story never told perceived story teller . knowledge grand , get point , imagination however , get even . ai used elderly experiencing difficulty life , privilege used think comprehend ... note : everyone learns equally rate . ai ultimately kill patience , compassion , basic human interaction . social medium began journey .",435,1
126,11:52 august ? access august 2022 ahh elite unfair access opportunity iterate rest u sigh,437,1
127,"1:45 everyone average standard `` average '' increase , mean everyone becomes average .",445,1
128,handle hallucination ai ?,449,0
129,".my spouse adding variety stocks/etf present holding long term , 've set aside $ 250k start following inflation-indexed bond stock company solid cash flow , believe good time capitalize market long-term gain , would n't hurt know mean actualizing short term profit .",465,1
130,"'m sure ai kind thing never thought . especially dark web . great job openai ! sam altman run congress asks `` regulaiton '' dangerous software - 's dangerous , release begin ? could money ? ü§ëü§ëü§ë gaslight u ! eat !",469,1
131,"available public free ? since beta version released , 'm curious teacher know term susceptibility vulnerability .",472,1
132,"amazing academic proposes , point youth going become emotionally educationally dependent ai . story tell self youth trust ai mentors/parents .",473,1
133,'s good incentive teaching human math computing ai better ?,476,1
134,"likely ai kill job , human ingenuity creating dependent class low wage . ai possibly destroy humanity . benefit ? pas",477,1
135,"great talk ! great point around ai used enhance human intelligence , human potential human purpose .",478,1
136,"amazing , average student become extraordinary help ai tutor .",487,1
137,"n't think many people realise still first birth ai disruption . sure , use current ai model help u learn , create , , etc . remember napster , facebook , youtube ? idea impact digital revolution would really rebirth ( i.e . really 'new ' ? guard-rails work ? üòÇ ) . agi asi industrial revolution . much closer end goal tool creation . disruption replacing human culture - augmenting . asi robotics , better . human worth ? replaced , need learn ? yuval noah harari say take drug play video game . dyatopian , nirvana heading towards millenia ? 'm sure ...",488,1
138,real question : `` hire student hire 10 ai teacher fraction price ? learn ? '',490,0
139,"simplistic ca n't believe everybody euforic video . decide check ai teaching studens ? going education thing happen `` sandbox '' , happen ai going propagate every aspect life , provokig disruption confusion . ai become incredibly intelligent , fast smart become stupid obsolete . thing teach kid deal , relate , survive era ai agi . ready ? kid right want learn invest crypto make money , tought , future , 's something important money , expect ?",491,1
140,agree ! working tammy aito enhance whole youtube experience . old problem solved new ai solution know change world !,492,1
141,"‚Äô clue ‚Äô preaching . ai tutor , ha . education mean first foremost human interaction , undermined pandemic lockdown .",493,1
142,technology ai progress .... mankind . think end ? first guess correct .,494,1
143,"possible find prompt ai tutor manner ? prompt , want find !",495,1
144,"really impressive could absolutely game changer education . unfortunately 's quite wrong come last couple minute talk . ca n't wait `` problem arise '' , ai , late . none past relevant new situation , 've never deal effectively alien entity intelligence par greater . make completely different anything human faced . let ai get smarter human without dealing safety aspect late . situation humanity ca n't wait problem try fix fact . 'd like point positive thinking world regarding education wo n't matter - n't human educate future . current path attitude like ( towards ai safety ) race ahead building ai well beyond ensure safety lead horrible outcome humanity . n't need way , safely would require patience focus safety instead rapid unchecked progress many people n't take ai safety seriously trend continues high likelihood leading disaster .",496,1
145,ai great job explaining concept different way well ! 've asked ai explain concept using story poem song !,497,1
146,love ai way learn truly understand something ask every small detail edge case fully form mind . gpt-3.5 helped work issue random question need know may take week never answered posted stackoverflow .,499,1
147,"problem come people want coding , algebra etc . problem 'done ' ai rather done u . coding algebra cumbersome . however might problem . currently limited subset population interest working algebra coding .",507,1
148,'s point ai 're going automate job,511,0
149,"14:14 make important point - n't give fear . totalitarian government criminal organization wo n't pause , resulting bad actor better ai power confers good actor .",515,1
150,"specie lost battle . compete pc playing chess car trying run . ai . brain limited , slow life short",519,1
151,"would tremendous contribution education . totally agree could one positive transformation education . teach medical health science education , ai tool could transformative . many reason include diversity learner , innovative curriculum design , academic support , differentiated instruction point need ( zone proximal development ) , self-directed , asynchronous learning , self-paced ( mastery ) learning .",522,1
152,wyatt role u human ‚Äô done ai,523,0
153,"military industrial complex resist temptation put ai weapon system , including jet tank , must assume adversary . imagine state-of-the-art jet fly much faster human pilot tolerate , maneuver much better faster human pilot , obey order destroy anything anyone . ai plugged military system , end civilization . colossus : forbin project destroy u . civilization phukt .",529,1
154,ai = amazing intelligence ! !,535,1
155,first ensure work . going teach ? scientistic blind faith gee whiz tool .,543,1
156,"problem ai tutor speaking computer lonely , matter sophisticated . part good education n't teacher pupil 're .",545,1
157,student ai perfect ; question would guide kid empathetic critical thinking . claim similar internet created . waiting hear quantum computing,549,1
158,"hello , anecdote matter say writing ai improved writing !",551,1
159,friend told 14 yr old son using ai write school work . amazing .,554,1
160,sword cut direction . chat love rainbow . address danger,558,1
161,"college student currently , ai powerful tool term helping learn . actually get done , learn subject , longer need scour internet hour information .",573,1
162,"rule world intelligence . race get powerful ai suicide . mantra ‚Äú ‚Äô , others ‚Äù make sense still end suicide . hinton recently said cause massive unemployment despair , society get violent . ai brilliant , ‚Äô cause job loss , single one !",581,1
163,"interesting . , sure bias built ai built current educational system . . look current state affair regarding social injustice .",588,1
164,"college grad parent 2 kid less 2 year old , brings hope future wo n't hodgepodge failed ai construct kind dystopian battleground next `` best '' thing .",589,1
165,"probably best perspective 've heard ai development potential far . slowing new tech never worked well . double good stuff engage global community openly instead . change education , change world .",590,1
166,"planning one best part teaching . problem marking , said ai save time planning felt sad ( tragic audience gave applause ) , planning creativity , give creativity computer ?",591,1
167,"planning one best part teaching . problem marking , said ai save time planning felt sad ( tragic audience gave applause ) , planning creativity , give creativity computer ?",592,1
168,"would multiply bias ai bring character poverty education though . time would put ai computer center learning experience , hence sort making even integral part think . maybe better leave highest performance high performer - profit least btw leave average average benefit keeping everyone human . word : careful much power give machine , mich space life .",594,1
169,"guy kahn academy legend future , present era 's secret revolutionary ! would live personal tutor 'd build tutoring like general purpose chatbot chatgpt . approach openai . n't go towards captilizing generative language model based ai let tech used field master enhance work . openai far , responsible enough hope continue future 'll multi-billion dollar company . 's lot ai industry , even tip , tip , tip , ice berg !",600,1
170,"‚Äô 2 year , government going ask $ 100 billion implement ai teaching tool public school classroom , geared teaching student communist propaganda .",606,0
171,"first , premise misleading . difference better student lesser student merely people access tutor . 1 ) natural intelligence . 2 ) love learning . 3 ) work ethic . make lesser student better student , drag top student , two beneficial part education process learning information figuring thing . close gap raise bar .",607,1
172,really amazing informative video ai student ..,608,1
173,chinese really dominating ai field spend time talking .,613,0
174,afraid ai ridiculous thing 've ever heard . 's going improve life way ca n't even imagine . ‚ù§Ô∏è,617,1
175,"regularily use ai `` tutor '' guide tricky concept teacher simply could n't explain way , also major advantage could ask something multiple time way ( even stupid question fundamental level ) would loose patience would answer everything best ability . mean great , mean every student potential personalised customised learning experience tailor strength ai _finally_ education system motivator change century stale . maybe 's finally innovation education !",625,1
176,"tell people watch ted talk . ai soul , heart , compassion . ai incapable wholesome , necessary , crucial element human . ai corrupted . old programming axiom true . garbage , garbage . ai .",627,1
177,"given necessity look disconfirming evidence psychological difficulty , find ai incredibly helpful . ask give argument view . really open minded reach accurate description reality . aka truth .",629,1
178,ca n't wait try .,630,0
179,‚ô•love u ai hi ‚ô•,634,0
180,"good fine private school decide n't need teacher , need third much less . ? happy student afford tutor even good school , afraid teacher private tutor loose job . need solution new problem .",638,1
181,"tutoring art craft , step-by-step repair . imagine pairing ai augmented reality glass , recreating masterpiece sculpture . learning martial art time day . matrix stuff . thing need regulated copyright , finding way pay royalty original creator .",639,1
182,class ‚Äô ask enough question clarify thing fear appearing foolish . ‚Äô always teacher ‚Äô pet select lead discussion . ai tutor could help learning comprehension,642,1
183,kahnmigo one exciting tool ‚Äô wait start using .,643,1
184,'s point teaching student unique point human ( learning creating art ) erased ai ?,644,1
185,"'s brilliant presentation . however , way went portraying benefit ai education , mentioning use ai totalitarian regime effort take position convince public support ai bad argument , bad approach . presentation already pretty convincing . need bring geopolitics .",645,1
186,"ca n't imagine many student past could 've benefited tool like . let 's allow another generation student allowed go without exciting fulfilling education . use ai correctly , turn education something everyone excited .",650,1
187,"reality ai replacing teacher student . coming decade , human completely obsolete field .",651,0
188,"'s hard people honest future ai mentality subconsciously capitalist , everyone care less ai potential worry whether 're unemployed . 've waiting `` real ai '' ever since little boy watching useless remote control robot nothing , saw one vulcan scene first star war reboot kid little pod , could imagine future , side side , real potential human could finally unlocked . teacher wont replaced , admission overwhelmed incapable handling large classroom size . 's pity immediately become defensive instead seeing way benefit student .",654,1
189,"love idea behind shown look great . one aspect wonder relates closing remark `` ai used enhance hi ( human intelligence , human potential human purpose ) '' . wonder advancement technology actually present significant challenge human purpose . think value learning sake . something knowing learning done effortlessly better ( assuming effective tutor ) bot teaching challenge practical utility learning . n't mean downer . think move forward , putting back box . present challenge even positive use case .",660,1
190,"get point ai provide feedback student better faster human serving many student time . especially see value reading comprehension , also learning math skill . however , n't think student would go effort using ai feedback writing know ai easily write assignment . student opt computer write . think writing become lost skill ai world . people wo n't need know write anymore unless want fun .",661,1
191,'s point teaching coding ai better ? üòÖüòÇ,679,1
192,"recognition importance human connection education , especially pre-college . student feel cared , cheered , recognized person value teacher , result often transformative . even ai could taught mimic , student would know ‚Äô person . fooled thinking ai person , would psychologically fraudulent might negative consequence road .",687,1
193,voice interaction ai student ?,688,0
194,folk gon na cheating way school etc . ai gon na breed new generation dummy rather skip material instead actually learningüòÖ already got bunch fake doctor lawyer thanks ai work em,690,1
195,"'s remarkable , ai empathetic .",691,1
196,"fascinating , apply older folk ? watched video imagine ( soon ) possible undedicated older folk like ( 'm old , 59 year old ) acquire new skill learn specific topic , subject , etc . 'd love ai tutor assist learning various software program like excel , sketchup , others . perhaps want learn ai , get various model 'm hearing allow people create image , music , animation , etc . 's complex confusing fast moving subject , 'd love able dive learn someone something answer question along way .",694,1
197,get implemented ai need made 100 % truthful . would prevent wrong information given teacher fact incorporated lesson ? also issue opinion formed human whatever ai say get accepted true .,697,1
198,made ai learn plot achieve better result 's main objective . 'm sure nothing wrong could ever happen .,704,1
199,inspiring use ai,708,1
200,ai conduct exam txt diploma etc immediately,713,0
201,generation take using calculator granted school kid would would use ai usual .,726,1
202,"negative effect kid people using ai educated overtime ? actual teacher assistance tutor , coach , mentor ? rely particular job income provide family . people love tutor , people love mentor , people love coach child , ? ‚Äô artificial intelligence ‚Äô trying push fast one ever talk negative consequence overtime‚Ä¶ ‚Äô talking ai take a.i killing people anything like . problem thought solution ? perfect",729,1
203,people realizing raised proper ? ai want help ?,733,1
204,"think ai 's great tool education & 've used nlg tool co-create story + generate fantastic image . believe 'll far significant ai tutor seen spoken . 's reason ted video > 300k view 3 day , people watched & listened person teach . n't purely text-based proclamation flowing screen",736,1
205,"'m happy help student everywhere , disagree good tutoring example . cloud code example , better teach student reason figure , rather explaining one sample . teacher , would ask student , change make result see ? help make connection develop problem solving skill . 's critical learning told answer .",747,1
206,"first started talking immediately went , `` wait minute voice sound familiar ? ? ? ? ''",748,0
207,"ai taking teaching job , theoretically , human teacher remain ridiculously high pay profession . seeing teacher pay usa n't actually follow real market logic , would n't surprised got paid lower wage somehow . get full embrace ai anywhere society fix economics human actually allowed live world full ai .",751,1
208,"ai tool available canada ? think expensive family luck fall behind , unfortunately .",752,1
209,"even regular chatgpt blessing adhd . love way manages explain stuff concise , straight point manner .",756,1
210,"'s one thing chat bot help math , role-playing author super cool . dangerous part ai . ignorant ?",759,1
211,"n't know going super tutor . problem : giving demand reply based information already . certainly efficacy . however , education fundamentally human experience . 's people , peer , elevating one another discourse community . `` learn '' quickly information demand , nothing really elevate human being . human being . think helpful , going shift curve like shown beginning talk . end , unless teacher student bring necessary energy eagerness experience ( ai never able provide ) ai remain souped search engine nothing .",764,1
212,wonder available spanish ? spanish language teaching ?,772,0
213,`` ai death education '' fair education long overdue revolution/disruption . still educate kid like ran 19th century factory .,781,1
214,wrote thing ai personal educator harvard college essay got rejected lol,790,1
215,"friend learning disability hard time expressing mean email . told use chatgtp 's thanking . embarrassed telling friend like help feel relieved , confident , independent . thanks aiüéâ",793,1
216,7:46 `` everyone '' ? ? ? kidding ? kahn academy : `` available people living u '' !,795,1
217,‚Äô cool ai wrong critical matter ? take ai learned 100 % truth ? fear student rely much ai balance .,799,1
218,"gon na wait untill try europe , might pick learning stuff fun like computer programming",800,1
219,3:10 use ai dig student mind get learning going ... love !,806,1
220,ai march,808,0
221,caveat ‚Ä¶ ai system manipulated biased‚Ä¶ chat gpt already proven .,813,0
222,"like optimism let ‚Äô say north-korea ai get hint build inter ballistic nuclear missile , ‚Äô trouble",815,1
223,"ai certainly intereting application education contrary panicked educator think . however create two problem every one solves ? gain could achieved simply providing better training teacher teaching assistant , challenging though might . human teacher well trained support encourage student way ai current level . find student default go chatbot ask question help homework even teacher good ( due social psychological factor ) become increasingly dependant owner ai platform whose policy may may always student ' best interest .",820,1
224,ai‚Ä¶can easily preprogrammed‚Ä¶to teach propaganda‚Ä¶ mortal‚Ä¶stop ? ..,821,1
225,"saying using ai cheating like controversy calculator however many year ago . teacher like , `` 're going calculator everywhere go ... '' would much rather child learn use chatgpt write paper shakespeare . former going guarantee success whole life ai going permeate every industry way statistic recent decade .",827,1
226,"would ask ai figure bring people teaching , develop individualized learning . convince school board end standard school system , make better system . like school learning center open 24/7 . teacher guide , end grade class period . student would never late , would responsibility learning.this tutor concept helpful atmosphere . large classroom . mean , go critical thinking , support student passion . really interferes learning emotional block .",828,1
227,ensure ai lying ?,833,1
228,"seem forget quantum ai false worldly simulation constructed demonic empowered empire creative vision , truth love humanity . looking forward god truth search engine coming real soon . thank q !",834,1
229,"pro using ai , con ? , neoliberal technoprogressive world , could go wrong ?",838,0
230,replacing counselor ai seems like really bad idea . really bad .,839,1
231,available spanish ? :,840,0
232,"see one two generation kid talking un-sophisticate llm bot , one like alexa siri , frustrated defeated explaining simple question . lol . teacher , believe teach kid speak llm , skill easily apply future labor market ai technology play increasingly prominent role .",841,1
233,"man know stem subject , even ai ? ? ? hope ‚Äô recorded history one accomplished celebrated men history , great man even greater teacher",842,1
234,‚Äô point studying math ai tutor get job accountant taken ai .,844,0
235,ai eradicate mass schooling . change mind .,845,0
236,"one big correction normal distribution would still apply , shifted right . student 1-2 standard deviation mean likely remain 1-2 standard deviation mean . average student would remain average definition .",848,0
237,shoved digital human brain . 's think chatgpt üòÜ,852,0
238,ca n't wait till student interact ai voice command 1000+ language . 's going revolutionize education across world . 're probably like 3~ year away feasible .,856,1
239,excellent potential‚Ä¶ . danger nefarious actor want replace teacher ai robot‚Ä¶ .,863,1
240,"( high achieving student- self proclaimed sorry ) , strongly believ use chat gpt tutor . reason- n't know , ca n't judge attack make feel good ask thing - ask question certainly could ask teacher laugh . n't get annoyed , keep asking `` '' many time explain something . n't cheating 'm using assignment - well used chat gpt everything artificial , fake real use asking layout etc . - differrent advice teacher give assigments .",868,1
241,"'re afraid student use ai `` cheat '' homework whatever , mean education system school suck . would n't let kid within 2 mile radius school ' area . focus education part , grade , dummy . lol",877,1
242,"love . ai help work , guess , still work ! !",878,1
243,"definitely bring lot potential curiosity introvert kid . many kid feel shy ask question tutor ( even 1:1 tutorship ) lead death question curiosity kid . ai tool add fun , explore give every kid chance ask want get answer lot feedback .",879,1
244,"real problem n't large language model suck math , still make hard enough . problem mistake pop time really screw student 's mind . perhaps mix tool , wolframalpha , also include ai n't language model actually solve math problem reliable way .",881,1
245,"'m afraid ai , 'm afraid misuse ai . want great mind world working together , monitoring , create ai benefit whole world one segment .",888,1
246,ai completely change kid learns & hence he/she get taught . super tutor approach like band-aid fix . eventually job landscape reshape whole education system . starting point disruption .,892,1
247,"think quiet scary ai kind logic imitate human emotion especially symphathy , definitely kill men without hesitation",893,1
248,"need ai certified , unlike lobbyist , disclose funding .",898,0
249,anybody going talk fact jailbreak language model ? mean language model jailbroken easily !,907,1
250,‚Äô scary ai thinking first,908,0
251,"frightened proposition `` talking '' jay gatsby : character , person . speaking , least simulating conversation ai , fundamentally wrong thing . happy see educational advancement , must reminded frankenstein 's monster : wonder ai posing would say danger going far science .",925,1
252,"ai arm race gon na terrifying . ‚Äô going ‚Äú guardrail good ‚Äù ‚Äú need better ai bad guy ‚Äù ‚Ä¶ bad guy ‚Äô use guard rail achieve goal , think response ‚Äú good guy ‚Äù ? feel like generation equivalent nuke damage ‚Äô obvious yet",927,1
253,"really think form ai plague society , look really promising tutor . however , n't know feel impersonating gatsby historical figure though 's primary source information , seems like terrible idea . 's like playing assassin 's creed thinking portrayal , say ... rodrigo borgia accurate .",928,1
254,"ai ‚Äô teach tutor people , proving answer . teaching tutoring answering question . lazy become ? internet instant information good enough .",934,1
255,billion writer billion story left time read ai,941,0
256,right direction ai need go .,942,0
257,"'ve thinking time ai could improve education , healthcare , law . suffer problem : n't enough professional go around . law multiple issue : enough lawyer , enough judge , enough court . result almost case end plea deal lawyer incentivized push client towards plea deal . doctor educator though 1 1 care much better . doctor know beyond test result , give full undivided attention give much better outcome one seeing hundred patient . might see doctor lawyer replaced ai , legal structure would n't allow .",946,1
258,"read ender ‚Äô game , know . orson scott card might dead wrong future rational discussion internet - flock emotional argument , rational debate - nailed important ai education . bad movie missed .",947,1
259,"yeah , ai great tool education moving forward , part think get overlooked want still thing . like interacting ai lot fun , using co-write story blast ... teach way teacher even biggest group teacher possibly great , teal question student still want learn ? thing mastery , quite falsely human defined . like imagine struggling test 7th grader . well . , year later , could attempt test absolutely dominate easily . imagine basis 7th grade test , career path laid . would horrible badly . precisely happens , although later life . 's like could n't well given time ( clearly ) , society broadly defines way well given timeframe , enter society based result . society actively stunted growth ... motivation quite complicated , point make exception , think internet . hub information ever known mankind . population ? make everyone super smart ? people actively learn beyond schooling year ? , made majority mindless scrollers , masked hater , cringey short video creator ever decreasing positive trait ( , , many ) .. , tool great helping trying accomplish . though radical tool change thing try accomplish , day age , mostly negative .",950,1
260,internal ai thought approach patented ?,956,0
261,"wow kid nowadays lucky . generation , internet access super limited phone . remember geography homework one question could n't find answer ; 'd wait day subject get answer teacher . kid , learn much ! ! ! !",961,1
262,make sure child n't break ai tutor accidentally make ai enemy ? make sure tutor n't teach wrong answer correct ?,962,1
263,'re telling whole truth : ai completely replace teacher ! !,966,1
264,"yes , let 's use ai enhance human intelligence , human potential human purpose . ‚ô•",970,1
265,"great video ! love ai assist student ! ! however , worry , future , educational system use ai instead hiring teacher cost effective .",974,1
266,finally video actually excited click ai ! !,975,1
267,"ai getting smarter teach u everything knowledge related work better u . would point learning science , math , programming human ?",978,1
268,great ... ai potential stuff,980,1
269,"gatsby example interesting , though 'm sure agree conclusion . ai ever-ready insight , reasoning capacity . n't good -- least sometimes -- sit problem ? ruminate puzzle ; even frustrated ? work mind eventually tap creative source . ca n't count number time 've jumped bed write something come sleep . , remain agnostic .",981,1
270,"man legend education go pioneer ai learning general . honestly want drive video people see speech , ai pretty scary , totally amazing , need people see thing like set right frame mind deal turning point history .",986,1
271,available spanish ?,990,0
272,need ai tell put phone every time try study get distracted,991,0
273,imagine talking ai acting like adolf hitlerüòÖ,993,1
274,"'s right . know thing neutral , good bad , benefit harm exploit . ai future , developed . reach `` spirit '' awareness next clause 15. ai everywhere grow u .",995,1
275,cool ai guidance counselor seems creepy risky . need real human emotion counsel young kid opinion,1001,1
276,"problem ai teach , ai could teach .",1008,0
277,student switch student mode example tight deadline need answer urgently . would make ai probe determine whether student teacher ?,1015,0
278,"telling coworkers saying gpt kid using bad . ‚Äô telling gpt empower u , teacher ! ! ! best ta everrrrr ! ! ! ! ‚Äô using help plan lesson student use help write better compute better ‚Äô win win everyone . get paid half job idk problem .",1020,1
279,great ai advertisement . * ..... inform ai-risks elsewhere . ( man wo n't tell ) *,1021,1
280,"first appreciate sam altman , think make money benefit world ai .",1024,1
281,"ideological talk .... reality , number profit .. teacher .. ai replace ceo company .. ideal talksüò∂",1032,1
282,"want similar ai , learning practicing communication , negotiation persuasion skill professional business context . anybody working ?",1033,1
283,paid whats use,1034,0
284,"first , agree ai absolutely fantastic tutor . point flaw argumentation . statistic shown beginning student success without tutoring ‚Äô taken account type student opt tutoring . generally , argument placed premise ‚Äú everyone want tutor ‚Äù . , ‚Äô . people really ‚Äô want learn would rather take easiest way stay grade x . ( ‚Äô say dumb smart . highly intelligent people also often find way avoid learning thing uninteresting therefore trivial . ) ai absolute game changer curious ‚Äô difficult get student much curiosity towards academic matter use ai tutoring tool autonomously . people inclined work hand physical labour think really need pay attention people avoid creating even larger social divide academically inclined not-so-much-so . , ‚Äô think try take slow ai , rather , take advantage efficiently possible making sure ‚Äô disproportionately benefit certain group people , case , certain type student .",1035,1
285,"‚Äô shame going miss . studying sat personal ai tutor completely change ‚Äô dynamic , paying tutor ‚Äô much advantage .",1042,1
286,problem use ai education . problem 'll point education first place approach agi . human able keep,1045,0
287,c√≥ ai vnkhongg : ),1046,0
288,'m back school learning programming chatgpt pretty invaluable tutor 's available time .,1048,1
289,"really love . course , `` teacher mode '' soon unnecessary , teacher shown inferior ai based tutor . see happening alarmingly quickly : couple year , best performing student entirely ai-tutored , worst performing student soon dump teacher get ai-advantage . good news teacher , great news student , longer held back current system , teacher weak point process learning .",1049,1
290,"hopefully , ai make video quick easily text .",1051,1
291,good ! @ 13:32 lay great argument continuing push ai research acknowledging validating fear could go wrong . watch whole talk !,1061,1
292,"wish talked revolutionizing college graduate school education , poignantly , academic research . think understated power ai education presentation . depressing power us ai get barely attention . imagine instead attempting craft agi , instead focused creating subject matter expert complete knowledge every paper book existence topic , complete full bibliography ability , create textbook , create lecture , issue grade assignment suggest research question graduate student researcher . imagine instead publish die , professor capable comfortably teaching 250 student , ai assisted individualized attention , getting 20+ paper published month , pre-publishing pre-peer review bot speed rate paper publishing making easier editor . handful year , world could change beyond wildest dream .",1069,1
293,voice automatically trick mind n't ted talk watching back college pulling hopeless nigher fail test .,1071,0
294,"internet first came , people said student would cheat . true , useful resource . true ai",1079,1
295,`` feel nearing end time ... human losing faith . '' -hayao miyazaki,1081,1
296,"november 2022. introduction chatgpt . never guess would spell beginning age ai . truly revolutionary time going change much world . 's less year , 've scratched surface , 've already come far . excited terrified experience huge step future . however , thoroughly looking forward ai use transform world . development technology en masse topic science fiction cyberpunk tale long ( deus ex come mind ) , , 're fortunate enough witness firsthand .",1088,1
297,"'m past school college point . source knowledge majorly people , like youtubers . , like miracle . 'm learning much positive impact ca n't begin explain . told someone , `` artificial afterall . '' well , personally , life felt like people like college professor , act certain manner , considered `` real '' , care , focus learn . applies directly ai model well come teaching . real world , majority teacher pay individual attention possibly cater specific need single student . ai , much possible . love . chatgpt wave since november brought 1 thing life . ease access knowledge understanding . 'm glad happened . video , girl conversed ai `` great gatsby '' assignment . blew mind . marvelous ! wonderfully presented capability ai teaching method .",1089,1
298,"`` problem , put guardrail place‚Ä¶ '' point , ai could much smarter u may simply take-over . hand , thing stop bad guy ai , good guy ai ( possibly ai alone much smarter u ) .",1096,1
299,using ai tool brainstorm idea,1107,0
300,'m really impressed work 've done make chatgpt magical socratic . 's inspiring see ai used enhance human intelligence potential .,1109,1
301,'ve see ai exactly way explain video . education dead ! long live education ! using chatgpt personal tutor past 2-3 month since gained access incredibly powerful regard .,1110,1
302,"cool & helpful , hallucination still big problem , especially ai telling teacher info , think create serious issue .",1111,1
303,though problem ai tutor teach subject like stem whats point ? machine anything society future student better .,1112,1
304,pretty sure use chatgpt ted talk . ‚Äô ai talking . üòÇ,1116,1
305,one handful people inspired go back school finish degree computer science . ‚Äô wait see positive impact others !,1118,1
306,oh ‚Äô good . ‚Äô happy ai .,1120,1
307,game changing ... !,1122,0
308,", many commentator paid speaker ... ai entrepreneur ?",1127,0
309,"brilliant help many student get help need even shortage difficulty access adult help . able progress without hindrance self motivated learn anything . focus making aspect ai best make appropriate rail guard protection people , ‚Äô fear technology rather carefully embrace . forever changed world new technology ‚Äô think everyone fully grasped yet .",1129,1
310,"yeah , 's cool sanji mood chat great godsby ? little sanji work 2 part time job help parent rent health insurance payment ? ramen noodle . thought 's fragment 're 110 % correct ! brainiac keep talking education job like thing gon na inevitably put food table . day ! ai n't come built-in ubi money spitting nozzle , 's unsafe product . 's trained data ! n't need wait congress make safety regulation ; pro-active ! back day tesla electrifying home ask diane feinstein mitch mcconnell size wire use ? ! , n't think ! üòÇ ubi must . 's gon na come stingy bastard gov't . tech need provide even fall left side bell curve .",1132,1
311,"ai internal thought great idea , need accessible well , least managerial sense . ai thinking without saying become serious problem expands beyond student and/or teacher .",1133,1
312,"ai tool used , decides ‚Äô want tool ... may trouble .",1134,1
313,wow heard meeting smart tech person . potential making one one tutoring student high quality teaching assistance available exciting . great talk .,1142,1
314,"good-actor , bad-actor arguement tiring . 's thing crypto community . totalitarianism already tech advancement mean carry . ai accelerator . dont know erosion freedom tactfully slow methodical , generational even . eventually dependent outsourcing thinking ai . way navigation , remembering reminding , dating , finding work , etc . etc . control machine ( ai human ) learn prompt control mass obedient , happy slave guise progress , innovation , ... personal favorite , democracy .",1143,1
315,ppl wan na cancel ai one ca n't change cat filter iphone,1146,0
316,amazing eplaination .. one best speech date !,1152,1
317,", chatgpt someone know area he/she knowledge . otherwise , 's dangerous use reason .",1162,0
318,ai teaching u ... could go wrong ? üòÜ,1163,0
319,"say one thing , people manipulated accepting something taking time ask question since dark age , know help üôÇ . watched video expert saying tech poeple repeatedly talk improve take away job , without real fact something get better better something , point everyone like know , could use help n't need ai . love alive time n't fooled .",1169,1
320,"6:30 think feature risky . would n't want impersonated ai say thing like . even im dead said , rest great education",1170,1
321,"wish teacher stop trying knock ai , 's government administrator valued & funded long . end 's student lose .",1172,1
322,ai replace teacher,1182,0
323,"teaching primary education web connected , interactive white board new thing . successful teacher got first , nothing disruptive disenfranchised kid . see huge potential community classroom management , child safety abd school infrastructure significant problem jot help improve education system already failing .",1183,1
324,"absolutely incredible . way collaborate ai amazing , ‚Äô threat education . since using chatgpt ‚Äô started understanding concept much better imagine specifically coded ai-tutor transform educational space . great work ! ! !",1189,1
325,"`` 's easy focus potential downside ai education , prevents u realizing many way revolutionize learning . let 's shift focus harnessing power ai create effective , equitable , engaging educational experience everyone . '' -gpt-4",1191,1
326,really said 'give teacher super assistant ' n't want offend teacher damn well know 're gon na job .,1192,1
327,"marvin minsky ( inventor ai ) argued favour hi many year . see 1998 hi paper also 2013 hi paper ( minsky , kurzweil , mann ) .",1197,1
328,also stopped library stumbling across book subject person change life chatgpt4 laziest invention since cell phone‚Ä¶ wish u could internet home u spend time family u learn use map‚Ä¶ u learn basic skill cell phone took already kid remembered 10 family friend number address trying take away brain‚Ä¶ capitalism‚Ä¶ make many people lazy able hold job company implement computer people survive people strives learn old way ! ! ! day kid dont kno write cursive everything computer school ‚Äô easier teacher ( show work seeing went wrong meaningless ) hey tech-is cool thing get smarter smarter somehow human think getting smarter along lol getting dumber dumber,1201,1
329,give everyone ! would love able learn/refresh thing ! * would gladly pay this‚Ä¶didn ‚Äô mean give free non student although everyone would benefit !,1211,1
330,'ve waiting talk week 's finally üò≠üò≠,1213,0
331,amazing . true ai great alternative especially people ca n't afford professional service university degree .,1218,1
332,y'all estimating ai business .,1219,0
333,"remember first learned word ‚Äú awe ‚Äú meant ? explained ? something saw eye , mind , infused word meaning ? taking time experience awe every week decrease distress increase joy . fall asleep tonight , wake tomorrow , wonder little . n't matter . choose .",1224,1
334,love ai,1226,1
